결과1	결과2	의미	해설1	해설2	해설3	해설4	처방1	처방2	처방3	처방4	처방5	처방6	처방7	처방8	처방9	처방10	처방11	처방12	처방13	처방14	처방15
칠정		정신적 스트레스 관련 증후군	현재 당시는 정신적 스트레스로 인해 각종 신체적 불편함에 시달리고 있습니다. 정신적 압박이 계속되면 식욕이 줄고 수면이 불량해 집니다. 또한 이유없이 불안하거나 가슴이 내려앉는 느낌이 종종 발생할 수 있습니다. 스트레스의 원인을 없앨 수 없다면 이러한 신체적 불편함을 해소하여 악순환을 끊어야 합니다.	"마음과 몸은 하나로 작동합니다. 마음이 괴롭고 힘들 때 몸도 그 영향을 받을 수 밖에 없습니다. 가슴이 답답해지고, 배고픔을 잘 못 느끼고, 먹어도 먹은 것 같지 않고 잠이 오지 않거나 자다가 깜짝 놀라며 깨기도 합니다. 오랜 시간 이 상태가 지속되면 점점 ‘심력’이 고갈 되죠. 생각이 떠오를 듯 말 듯 하면서 잘 이어지지 않거나 뭘 생각하고 있었는 지 흐름을 잃어 버리기도 하죠. 계속 깜빡깜빡하고 중요한 일을 잊어 버린다거나 하기도 합니다.
내키지는 않겠지만 햇빛을 받으면서 하는 산책이나 조깅. 명상. 그리고 스트레스를 줄여 주는 티 타임이 도움이 될 수 있습니다."	"현재 정신적인 스트레스로 건강상태가 좋지 않아요. 스트레스가가 지속되면 식욕이 줄고 수면의 질이 나빠질 수 있어요. 그리고, 이유 없이 불안하거나 가슴이 내려앉는 느낌이 종종 나타날 수도 있고요. 그러니까 하루 빨리 스트레스에서 벗어나야 해요!"	"현재 정신적인 스트레스로 건강상태가 좋지 않아요. 스트레스가 지속되면 식욕이 줄고 수면의 질이 나빠질 수 있어요. 그리고, 이유 없이 불안하거나 가슴이 내려앉는 느낌이 종종 나타날 수도 있고요. 그러니까 하루 빨리 스트레스에서 벗어나야 해요! 그럼, 5분만 산책을 해보면 어떨까요? "	산조인	원지	복령	소맥	향부자	용안육	반하	시호	박하	후박	귀비탕	사칠탕	모과	생강	
노권		육체적 과로 증후군	"지속된 육체적 과로에의해 당신의 신체능력이 저하된 상태입니다. 일상에서 때때로 피곤함이 생길 수 있지만,  지금 같은 상태에서는 휴식을 취해도 몸에 힘이 없으며, 이유없는 미열이 발생하거나 목소리의 발성이 예전만 못하게 되는 경우가 있습니다. 휴식을 취해야 하지만 의학적인 도움을 받으면 빠른 회복이 가능합니다."	"사람은 누구나 일을 하면 피로감을 느끼죠. 건강의 기준선은 자고 일어났을 때 안 피곤해야 합니다. 아침에 자고 일어났을 때 피곤하지 않다는 것은 어제까지의 피로가 회복이 완료되었다는 이야기거든요. 하지만 살면서 항상 개운하게 일어난 사람은 거의 없을 겁니다. 현대인들은 매우 바쁘고, 늦게까지 일을 하고, 사람들을 만나기도 하죠. 아침에 일어나서 개운하지 않다면 그 다음날은 무리하지 않는 것이 좋습니다. 그러나 또 무리하게 되는 경우들이 많죠.
피로가 쌓이고 쌓이고, 또 쌓이게 되면 점점 인체에 영향을 주게 됩니다. 일을 할 땐 잘 못 느꼈는데 집에서 쉬려고 하는 그 순간, 온몸 여기 저기를 두드리는 듯한 근육통, 일을 시작하기 전에 점점 느려지고 무거워지는 팔다리, 점점 소화도 잘 안 되는 것 같아지고, 여기 저기 아프기도 하고 가벼운 감기도 쉽게 회복이 되지 않는 기분이 들게 됩니다… 무엇 보다 생각이 잘 되지 않습니다. 창조적인 일을 하는 사람에겐 특히 치명적인 상황이죠. 아이디어를 짜내려고 해도 도무지 나올 수가 없습니다.
그럴 땐 피로를 회복하기 위한 휴식이 필요합니다. 말 그대로 하루를 완전히 쉴 수 있는 시간으로 만들거나, 짧은 휴가도 좋은 해결책이죠. 그리고 매일 같이 차 한 잔을 곁들인 휴식 시간은 피로를 좀 더 잘 컨트롤할 수 있도록 도와줄 수 있습니다."	계속 무리를 하셔셔 몸이 항상 피곤한 상태시군요. 말하는 것조차 싫으시죠? 이런 경우 휴식을 취해도 피로가 쉽게 회복되지 않거나 오히려 심해지는 경우가 많아요. 이럴땐 휴식을 취하는 게 가장 좋은 방법이예요!	계속 무리를 하셔셔 몸이 항상 피곤한 상태시군요. 말하는 것조차 싫으시죠? 이런 경우 휴식을 취해도 피로가 쉽게 회복되지 않거나 오히려 심해지는 경우가 많아요. 이럴땐 휴식을 취하는 게 가장 좋은 방법이예요! 이번 주말엔 집에서 푹 쉬시는건 어떨까요? 그럼 빠르게 회복하실 수 있을 꺼예요. 	구기자	오미자	홍경천	동충하초	토사자	용안육	녹용	인삼	서양삼	복분자	산수유	황기	보중익기탕		
담음		대사기능 저하 관련 증후군	"이 상태는 전통의학 이론에서도 매우 복잡한 양상을 띄고 있습니다. 두통이 있거나 어지러운 등 신경학적 증상이 존재하며, 소화기의 기능이 같이 저하되는 경우가 많습니다. 쉽게 피로를 느끼며, 트히 몸의 이곳저곳의 관절이 아프거나 피부 증상이 나타나기도 합니다. 기침이 자주 나거나 목에 가래가 끓는 등 호흡기의 문제로 나타나기도 합니다. 전통의학에서는 특별히 불편한 증상을 명확히 지적하기 힘든 이 상태는 많은 병의 원인이 된다고 하였습니다."	"뭔가 불편한 느낌. 의사를 만나도 설명하기 참 난감한, 불편한 느낌.
아프다고 하기엔 크게 아픈 것 같진 않은데, 이상하게 피곤하고 불편하고 뭔가 몸이 정상은 아닌 것 같은, 그런 불편한 상태가 지속되는 경우가 있습니다. ‘담음’ 상태입니다. 특히 머리가 멍하고 무거운 느낌과 함께 가벼운 어지러움을 자주 느끼기도 합니다. 통증도 여기가 아팠다가 저기가 아팠다가 하지만 특별히 뚜렷한 이상이 있는 것도 아닌 애매한 상태. 하지만 확실한 건 뭔가 불편하다는 느낌만은 분명하게 느낄 수 있습니다.
한의학에서는 ‘흐름이 원활하지 않다’고 표현합니다. 무언가 자연스럽지 않다는 의미죠. 뭔가 답답하고 불쾌하고 불편하지만 의사도 뚜렷하게 어떤 병이라고 하지 않고, 점점 피곤해지기는 하는데 검사에선 계속 특별한 이상 없이 약간의 고지혈증, 약간의 지방간 정도만 나오고 있다면 이 ‘담음’ 상태일 가능성이 높습니다."	"전반적으로 대사기능이 저하되어 있으시군요. 이런 상태가 계속되면 자주 두통이 생기거나 어지러울 수 있고, 소화기 기능이 약해질 수 있어요. 특히 몸의 이곳저곳이 아프거나, 기침이 자주 난다거나 가래가 끓는 호흡기의 문제로도 나타날 수 있어요."	"전반적으로 대사기능이 저하되어 있으시군요. 이런 상태가 계속되면 자주 두통이 생기거나 어지러울 수 있고, 소화기 기능이 약해질 수 있어요. 특히 몸의 이곳저곳이 아프거나, 기침이 자주 난다거나 가래가 끓는 호흡기의 문제로도 나타날 수 있어요. 특별히 증상을 명확히 설명하기도 힘든 상태라면 많은 병의 원인이 될 수 있으니 빠른 시일 내에 병원을 한번 방문해 보는 것이 좋은 방법 이예요. 주변에 적합한 병원 예약을 해드릴까요?"	반하	건강	고량강	택사	복령	후박	이진탕								
식적		식습관 관련 소화기 증후군	"불량한 식사 및 불규칙한 식습관과 매우 밀접하게 관련되어 있는 이 증상은 섭취한 음식이 정상적인 시간내에 소화가 되지 못하고 위에 남아있거나, 소화기능이 원활하지 못해서 발생하는 증후군으로, 식욕저하, 소화불량, 복통 및 설사등을 유발합니다. 그 외에도 소화기 기능의 저하로 인하여 무기력함이나 피로가 나타날 수 있습니다. 선천적으로 소화기가 약한분들은 이 상태에 더 취약할 수 있습니다. 급성이 경우는 쉽게 관리가 가능한데 비해, 만성적인 경우는 그리 쉬운 문제가 아닙니다."	"몸의 불편감이 식사 후에 더 심해지지는 않나요? 식사 전에는 분명 괜찮았던 것 같은데 음식을 먹거나 특히 과식을 하게 되면 확실하게 나타나는 불편 증상들이 있습니다. 한의학에서는 ‘식적’이라고 부릅니다. 대부분의 증상은 복통이나 대변, 설사 같은 음식과 직접적인 관련이 있기 때문에 자연스럽게 받아 들일 수 있고 식사량을 줄이는 등 생활 습관의 교정으로 많이 완화가 되는 편입니다.
그러나 식적 상태가 지속되는 경우, 음식 섭취와 관계 없이 몸이 무겁고 쉽게 지치는 느낌, 식사와 관계 없이 배가 지속적으로 아픈 것 같기도 하고 아프지 않은 것 같기도 한 이상한 불편감, 아래쪽에서부터 치밀어 오르는 듯한 트림과 신물, 반복되는 사레들림 같은 기침 등의 다양한 증상들이 계속될 수 있습니다. 평소에도 소화를 도와주는 차로 꾸준히 관리를 해주고, 과식, 폭식을 하지 않도록 주의를 계속 기울이시면, 더 즐거운 식사 시간이 되지 않을까요? 다이어트에도 좋습니다."	"식사가 불규칙하시거나 식습관이 좋지 않은 것 같아요. 요즘 들어 입맛이 없거나, 소화가 잘 안되거나 복통 등이 있었나 생각해 보세요! 이런 증상이 계속되면 배가 아프고 설사를 할 수도 있어요. 타고나게 소화기가 약하신 분들이라면 증상이 더 안 좋게 나타나실 수 있어요."	"식사가 불규칙하시거나 식습관이 좋지 않은 것 같아요. 요즘 들어 입맛이 없거나, 소화가 잘 안되거나 복통 등이 있었나 생각해 보세요! 이런 증상이 계속되면 배가 아프고 설사를 할 수도 있어요. 타고나게 소화기가 약하신 분들이라면 증상이 더 안 좋게 나타나실 수 있어요. 참지 말고 가까운 병원을 방문해 보세요! 금방 좋아지실 꺼 예요. "	백출	창출	목향	후박	백두구	사인	산사	정향	당삼	지실	신곡	맥아	나복자	평위산	
어혈		"조직손상, 혈류이상 관련 증후군"	"이 상태는 외상에의한 타박상, 멍, 출혈등 국소의 조직손상 뿐 아니라 다양한 이유에의한 혈류장애, 그리고 여성들의 생리문제와 관련되어 있습니다. 다른 사람들보다 쉽게 멍이 든다거나, 저린 증상이 비교적 자주 발생할 수 있습니다. 피부아래 정맥의 영향으로 피부의 색깔이 푸르거나 자주색을 띄는 경우가 많습니다. 만일 신체 특정 부위에 통증이 있을 경우 야간에 심한 경우 또는 찌르는 듯한 통증양상이 특징적입니다. 통증으로 인해 삶의 질이 심각하게 떨어질 수 있으므로 반드시 전문 의료인의 도움을 받으셔야 합니다."		현재 몸에 혈액이 제대로 돌지 못해서 한 곳에 정체되어 있을 수 있어요. 만약 몸의 특정 부위에 통증이 있거나 특히 밤에 심하게 아플 수 있어요. 특히 여성의 경우 생리통이 심하거나 생리 주기가 불규칙한 경우가 있을 수 있어요. 이런 증상이 계속되면 통증이 심해져서 하루하루가 괴로울 수 있어요.	현재 몸에 혈액이 제대로 돌지 못해서 한 곳에 정체되어 있을 수 있어요. 만약 몸의 특정 부위에 통증이 있거나 특히 밤에 심하게 아플 수 있어요. 특히 여성의 경우 생리통이 심하거나 생리 주기가 불규칙한 경우가 있을 수 있어요. 이런 증상이 계속되면 통증이 심해져서 하루하루가 괴로울 수 있어요. 가까운 한의원에 가서 의사선생님과 상담을 해보시는건 어떨까요?	단삼	당귀	천궁	강황	목단피	도인	당귀수산	계지복령환							
칠정	노권		"당신은 현재 몸과 마음이 모두 지친 상태입니다. 육체적 스트레스와 정신적 스트레스가 서로를 유발하는 악순환 상태이며, 이로부터 탈출하기 위해서는 보다 적극적으로 생활을 교정할 필요가 있습니다. 육체적인 휴식과 더불어 삶의 긴장을 풀어줄 수 있는 당신만의 시간이 반드시 필요합니다. 관리를 소홀히 하게 되면 각종 불편한 증상들이 당장 나타날 것입니다."	"피곤해서 쓰러져 잠들 것만 같은데, 눕기만 하면 오히려 또렷해지는 정신. 그렇게 뒤척이다 새벽이 다가와야 어느새 잠 드는 지도 모르고 잠이 들었다 깬 채로 힘들게 하루를 시작하고 있지는 않은가요? 그렇게 밤낮이 자신도 모르게 바뀌고 점점 피로는 더 쌓여 가고 있진 않은가요? 현대인들이 겪고 있는 지속적인 스트레스 상황은 수면 패턴을 바꿀 뿐 아니라 재충전도 느리게 만듭니다.
익숙해져 버린 피로에는 점점 무뎌져 가더라도, 자신의 성격이 일을 시작하기 전과 지금 바뀌었다거나 하는 생각을 해보시진 않으셨나요? 좀 더 짜증스럽게 변하거나 쉽게 화가 나거나 눈물이 나는 등 감정의 변화가 생겼다면 이완의 시간이 그만큼 필요하다는 신호입니다. 시간을 내서 휴가를 갖거나 하기 힘들다면 사무실에서 조용하게 따뜻한 물에 차를 내려 보세요. 차의 성분도 성분이지만, 차를 준비하는 시간 동안 마음이 자연스럽게 평온해지는 것을 느끼실 수 있을 겁니다."	"현재 몸과 마음이 모두 지친상태시군요. 몸과 마음이 서로를 자극해 건강이 안좋은 상태예요. 이 상태를 극복하기 위해서는 충분히 휴식을 취하고, 당신만의 시간을 가져보는 것이 반드시 필요해요."	"현재 몸과 마음이 모두 지친상태시군요. 몸과 마음이 서로를 자극해 건강이 안좋은 상태예요. 이 상태를 극복하기 위해서는 충분히 휴식을 취하고, 당신만의 시간을 가져보는 것이 반드시 필요해요. 시간적 여유가 없다면 하루에 10분씩 명상을 해보는건 어떨까요?"	NULL														
칠정	담음		"칠정과 담음 상태인 당신은 정신적 스트레스로 인하여 매우 다양한 형태의 증상에 시달리고 있습니다. 전반적으로 신경학적 증상과 소화기 증상, 호흡기 증상들이 발생하고 있으며, 일관성이 없이 다양하게 나타날 수도 있습니다. 정신적 스트레스로 인해 위의 증상들이 발생할 수 있으며, 이러한 증상들로 인해 낮아진 삶의 질이 다시 정신적 스트레스를 유발할 수 있습니다. 전반적으로 삶의 활력이 떨어진 당신은 소화기 증상과 수면 관련 증상들을 우선적으로 완화할 필요가 있습니다. 목에 무언가 걸린듯한 증상이 지속된다면, 전통의학의 도움을 받으세요."	"우리가 음식을 먹으면, 음식은 목구멍에서 위까지 연결된 통로를 지나가게 됩니다. 이 통로는 아주 특별한 경우를 제외하면 무언가가 걸려 있거나 길을 막히거나 하는 일이 거의 없습니다. 예를 들어 날카로운 가시 같은 것이 박혀 있다거나 식도의 일부가 찢어지거나 종양이 자라나서 길을 막는다거나 너무 심한 수축으로 식도 아래쪽이 긴장되어 있거나 하는 경우들을 제외한다면 말이죠.
그런데 이상하게 목에 뭔가 간질간질 걸려 있는 것만 같고, 가슴 아래쪽에서 뭔가 걸려 있거나 치밀어 오르는 느낌이 들 때가 있습니다. 한국에서는 씨앗 하나가 목에 걸려 있다고 해서 ‘매핵기’라고 부르는데요. 삼키려고 해도 삼켜지지 않고 걸려 있는 것 같고 칵칵 거리면서 힘겹게 뱉어내려고 해봐도 전혀 나오는 것은 없습니다. 심지어 내시경이나 다른 검사에서도 걸려 있는 것이 발견되지 않습니다. 심지어 이 상황은 과식이나 피로, 스트레스에 따라 반복적으로 나타나기도 합니다. 이럴 땐 스트레스를 해소해주고 과식을 피하고 소화기관의 기능적인 균형을 잡아주는 치료를 권하고 있습니다."	 정신적 스트레스로 매우 다양한 증상에 시달리고 계시군요. 만병의 근원이 스트레스라고 하잖아요? 스트레스 때문에 몸이 아프고 몸이 아프니 스트레스 받고... 삶의 활력이 떨어진 상태네요. 우선 소화기 계통과 수면 관련 증상들을 해결해야 해요! 그럼 조금씩 건강 상태가 좋아지실 꺼예요.	정신적 스트레스로 매우 다양한 증상에 시달리고 계시군요. 만병의 근원이 스트레스라고 하잖아요? 스트레스 때문에 몸이 아프고 몸이 아프니 스트레스 받고... 삶의 활력이 떨어진 상태네요. 우선 소화기 계통과 수면 관련 증상들을 해결해야 해요! 그럼 조금씩 건강 상태가 좋아지실 꺼예요. 그 비법이 궁금하시죠? 제가 알려드릴 수 있어요.	NULL														
칠정	식적		"정신적 스트레스로 인하여 소화기 장애가 유발된 전형적인 상태입니다. 물론 칠정과 식적은 서로 독립적으로 발생할 수도 있으나, 전통의학 이론에 의하면 정신적 스트레스는 쉽게 소화기를 상하게 하여 만성적인 소화기 약화와 급성적인 소화불량을 유발합니다. 이들을 해결할 수 있는 관리를 받으시는 것도 중요하지만, 무엇보다 중요한 것은 폭식과 과식, 불규칙한 식습관을 피하고 위장운동의 활성화와 긴장완화에 도움이 되는 음식을 섭취하시기 바랍니다."	"위장 운동은 기분과 상당히 밀접한 관련이 있습니다. 기분이 좋으면 위장도 힘차게 운동하며 음식을 소화시키죠. 긴장하거나 화가 나면 마음이 그런 것처럼 위장도 활력을 잃습니다. 기분 나쁜 일이 있으면 입맛부터 뚝 떨어지고, 억지로 먹은 음식들 때문에 배가 아프고 소화가 되지 않는 기분을 느끼게 되기도 합니다. 만약 위장이 이미 약해져 있는 상황이면 단지 아픈 정도에서 끝나지 않고 신물이 올라오거나 토해버리기까지 하게 됩니다.
중요한 일을 앞두기만 하면 마음이 답답하고 뱃속이 불편한 느낌이 시작된다면, 마음을 풀어주고 위장 운동을 활성화시키는 티 타임을 가져 보는 건 어떨까요?"	"정신적인 스트레스가 심해서 소화 장애가 생긴 상태예요. 이런 상태일수록 폭식과 과식, 불규칙하게 음식을 먹으면 절대 앙데여. 한동안 소화가 잘되는 음식을 위주로 식사를 하시는 게 좋을 거 같아요."	"정신적인 스트레스가 심해서 소화 장애가 생긴 상태예요. 이런 상태일수록 폭식과 과식, 불규칙하게 음식을 먹으면 절대 앙데여. 한동안 소화가 잘되는 음식을 위주로 식사를 하시는 게 좋을 거 같아요. 제가 다양한 식이요법을 알고 있어요. 알려드릴까요?"	NULL														
칠정	어혈		"남녀 모두 외상, 타박상에 기반하여 독립적으로 나타나는 경우도 있으나, 여성의 경우에는 강하게 결합하여 나타나는 경우가 남성에 비해 비교적 많습니다. 특히 여성의 생리관련 증상들이 정신적 스트레스와 결합할 때 뚜렷이 등장하며, 생리통과 야간통증, 탁하고 검은 생리혈이 나타날 확률이 높습니다. 기분을 풀어줄 수 있는 스트레스 관리가 필요합니다"		스트레스로 인해 몸에 혈액이 제대로 돌지 못해 컨디션이 별로인 상태시군요. 그러니 기분을 풀어줄 수 있는 간단한 운동을 권해 드려요. 운동을 하고 나면 기분이 좋아져서 스트레스도 한방에 없어질 꺼예요.	스트레스로 인해 몸에 혈액이 제대로 돌지 못해 컨디션이 별로인 상태시군요. 그러니 기분을 풀어줄 수 있는 간단한 운동을 권해 드려요. 운동을 하고 나면 기분이 좋아져서 스트레스도 한방에 없어질 꺼예요. 도움이 될만한 좋은 운동 영상을 추천해 드릴까요?	NULL														
노권	담음		"당신의 지친 육체가 무너지려는 신호입니다. 육체적 스트레스로 인하여 소화기, 호흡기, 신경계등의 다양한 증상들이 당신의 건강을 위협하고 있으며, 떨어진 활력으로 인하여 소모된 에너지의 복구도 무척 느려졌습니다. 특히 식욕과 소화 기능이 떨어지고 있다면 보다 확실한 증거입니다. 이런 다양한 증상들은 특히 당신의 삶의 질을 떨어뜨리게 되고, 이는 다시 정신적 스트레스의 원인이 될 수도 있습니다. 적극적인 휴식과 함께 효과적인 전문가의 도움을 받아보세요."	"우리가 사용할 수 있는 생명의 에너지에는 한계가 있습니다. 우리가 쓸 수 있는 생명력을 일정 이상으로 소모하게 되면 피로가 누적됩니다. 에너지를 사용하는 일 후에 찾아 오는 피로감, 무력감. 점점 지쳐 가는 느낌. 같은 일을 반복하면 할 수록, 점점 더 빠르게 피로가 찾아 오게 됩니다. 엊그제 보다 어제가 힘들고, 어제 보다 오늘이 힘들다면, 이젠 휴식이 필요하다는 의미입니다.
때론 다른 사람은 괜찮은데 혼자서 너무 춥다고 느끼거나, 혼자서 갑작스럽게 더운 기분을 느낄 정도가 되기도 합니다. 정신이 또렷한 듯 하지만 막상 무언가를 기억하려고 하면 말이 계속 맴돌기만 하게 되죠. 식사만 했을 뿐인데 온 몸의 힘을 다 써버린 듯 피곤하고 아침에 일어나려면 온 몸을 꼼짝하기도 힘들 정도로 힘들게 하루를 시작하기도 합니다.
물론 체력적으로 견디기 힘들다는 느낌을 한 순간에 모두 날려 버릴 방법은 없습니다. 꾸준히 전문가의 처방에 따라 식이요법과 운동을 병행해 보세요."	"지금 지친 육체가 무너지려는 신호를 보내고 있어요. 육체적인 스트레스로 소화기, 호흡기, 신경계 등에 다양한 증상들이 건강을 위협하고 있는 거예요. 온몸에 활력이 떨어져 몸에 에너지를 복구하는 속도도 많이 느려져 있어요. 이런 상태를 방치하면 기운이 다 떨어져서 다시 체력을 회복하기에 힘이 많이 들꺼 같아요."	"지금 지친 육체가 무너지려는 신호를 보내고 있어요. 육체적인 스트레스로 소화기, 호흡기, 신경계 등에 다양한 증상들이 건강을 위협하고 있는 거예요. 온몸에 활력이 떨어져 몸에 에너지를 복구하는 속도도 많이 느려져 있어요. 이런 상태를 방치하면 기운이 다 떨어져서 다시 체력을 회복하기에 힘이 많이 들꺼 같아요. 빨리 건강 밧데리를 충전해야 해요! 비법이 궁금하시면 알려드릴 수 있어요!"	NULL														
노권	식적		"육체적 스트레스와 동시에 소화기관의 기능이 많이 줄어든 상태입니다. 부족한 에너지로 인해 음식물을 충분히 소화시킬 수 없는 상태가 되어, 특히 식사 후에 유난히 졸리고 피로함을 느낄 수 있습니다. 이런 방식으로 나타나는 피로는 휴식이나 각성제 보다는, 위장을 더 빠르게 비워주고 소화를 촉진시키는 방식으로 해결해야 합니다. 적당량 규칙적인 식사 습관을 유지하시면서, 소화를 도와주는 전문가 추천을 받아보세요."	"혹시 식사를 하고 나면 유난히 졸리고 피곤한가요? 우리 몸의 에너지를 100이라고 했을 때, 평소의 위장은 그 중에서 겨우 몇 정도의 에너지를 소비하고 있습니다. 그러나 음식이 들어 오면 음식을 소화시키기 위해 더 많은 에너지를 위장이 가져 가게 됩니다.
만약 평소에 에너지가 부족했다면 어떤 일이 일어날까요? 간신히 필요한 에너지를 유지하고 있었는데, 당장에 필요한 소화를 위해 에너지를 가져가 버리면 평소에 에너지를 많이 사용하던 곳부터 에너지 부족 증상이 나타나기 시작합니다. 그건 바로 뇌죠. 그래서 평소에 에너지가 부족한 사람은 음식을 먹고 나면, 생각이 명쾌하게 이어지지 않고, 유난히 더 피곤하고 졸림을 느끼게 됩니다. 특히 더 배부르게 먹을 수록 더 증상은 심해지고, 결국 졸음을 이기지 못 하고 잠에 빠져 들기도 합니다.
단순히 잠을 못 자서 졸린 것과 달리 어느 정도 소화가 끝나고서야 증상이 해소되죠. 그래서 커피를 마셔도 잠이 깨지 않고 피곤함만 더하게 됩니다. 그럴 땐 소화 자체를 도와주고 위장 배출 시간을 줄여주는 천연물을 이용하면 도움이 될 수 있습니다. 위장을 더 빠르게 비워주고 소화를 촉진시켜 주는 조합을 추천 드립니다."	체력 소모가 심해서 소화 기능이 많이 줄어든 상태예요. 식사 후에 유난히 졸리고 피곤하다면 약을 먹는 것 보다 속을 빠르게 비워주고 적절한 양의 규칙적인 식사 습관을 유지하는 것이 도움이 될꺼예요.	체력 소모가 심해서 소화 기능이 많이 줄어든 상태예요. 식사 후에 유난히 졸리고 피곤하다면 약을 먹는 것 보다 속을 빠르게 비워주고 적절한 양의 규칙적인 식사 습관을 유지하는 것이 도움이 될꺼예요. 그럼 건강한 식사 습관 방법을 추천해 볼까요?	NULL														
노권	어혈		"이 경우는 임상적으로 비교적 드물게 결합하여 발생합니다. 같이 나타나더라도 독립적인 속성을 띄는 경우가 많습니다. 피로가 시하여 조직손상에 대한 회복력이 느려지게되면 평소보다 더 많은 미세출혈이나 멍이 생길 수 있습니다. 다친 곳이 잘 낫지 않을 수 있고, 낮에는 피로감, 밤에는 야간통증으로 시달리기도 합니다. 여성의 경우 피로감과함께 나타나는 월경문제에 해당될 수도 있습니다."	"몸에 활력이 점점 없어지고, 피부에 윤기가 없어지고 있지는 않은가요? 뚜렷하게 어디 부딪히거나 다친 기억이 없는 곳에 멍이 보이거나 멍이 사라질 때가 되었는데도 사라지지 않아 계속 신경쓰이지는 않나요? 혈액은 혈관 안에 완전히 갇혀 있는 것이 아닙니다. 적당한 압력과 적당한 점도로 정말이지 절묘하고도 정교한 균형을 이루고 있습니다. 이 균형이 무너지면 혈관을 막는 덩어리가 되거나 혈관 밖으로 스며 나오게 됩니다. 혈관 밖으로 스며 나온 것이 곧 멍이 되는 것이죠.
균형이 흐트러져 있을 때는 남들에겐 멍이 들지 않을 정도의 가벼운 자극만으로도 멍이 생기기도 합니다. 물론 그건 눈에 보이는 증상일 뿐입니다. 무엇 보다 그 정도면 체력이 떨어지는 느낌을 더 직접적으로 느끼시고 계실 지도 모릅니다. 입맛이 없어지고, 일상이 무기력해지고 있을 지도 모르죠. 때론 이유 없는 팔다리의 저림이나 통증, 특히 피로한 날이나 밤에 심해진다면 이 증상을 고려해 볼 필요가 있습니다."	"지금의 건강상태는 일반적으론 드물게 나타나는 증상이예요. 피로가 심해서 평소보다 다친 곳이 잘 낫지 않을 수도 있어요. 낮에는 너무 피곤하고, 저녁에는 통증에 시달릴 수도 있어요."	"지금의 건강상태는 일반적으론 드물게 나타나는 증상이예요. 피로가 심해서 평소보다 다친 곳이 잘 낫지 않을 수도 있어요. 낮에는 너무 피곤하고, 저녁에는 통증에 시달릴 수도 있어요. 아무래도 병원을 한 번 방문해서 상담을 받아보는걸 권하고 싶어요. 가까운 한의원을 예약해 드릴까요?"""	NULL														
담음	식적		"소화기 증상이 심해진 이 건강상태는, 식욕부진 또는 잦은 소화불량이 기본적으로 발생한 상태에서 더해지는 두통, 속쓰림, 구역감, 어지러움등이 특징적으로 나타납니다. 식사를 하지 않았을 때에도 더부룩 답답하거나, 대변의 상태가 좋지 못한 경우가 많습니다. 피부도 탄력을 잃고 거칠어지거나 쉽게 지저분해집니다. 약화된 소화기능을 회복하는 것이 급선무이며, 음식의 양과 종류에 특히 주의하셔야 합니다. "	"밥만 먹으면 배가 더부룩하고 대변을 보고 싶어지진 않나요? 대변이 명확한 형태를 유지하지 않고 그대로 풀어져 버릴 정도로 묽지는 않은가요. 따로 관리하지 않으면 금새 몸이 붓고 무거워지는 느낌이 들지는 않으신가요. 음식에 유난히 힘들지만 식욕은 그대로 유지되는 것이 특징입니다. 특히 일상적인 아침, 점심, 저녁이 아닌 야간에 유독 심해지는 허기와 반복되는 야식의 패턴이 자주 나타나게 됩니다.
그러나, 견디기 힘든 허기라도 야식이 반복되면 체중이 늘고, 위장관은 더 쉽게 무력해지게 됩니다. 위장이 약해지면 음식을 얼마나 먹었는지 자각하기 어려워지고, 대소변 횟수가 늘어나게 됩니다. 목 안에 가래 같이 걸린 느낌이 들거나 배에서 꾸르륵 소리가 나거나 오목가슴 부위를 눌러 보면 통증을 호소하기도 합니다. 피부도 탄력을 잃게 되고 눈 밑에 다크써클이 생기는 등 우리 몸의 전반적인 기능이 뭔가에 걸린 듯 원활하게 돌아가지 않게 되죠."	"현재 건상상태는 특히 소화기 문제가 안좋은 상태예요. 식욕이 떨어지거나 잦은 소화불량에 두통, 속쓰림, 토가 나올 것 같은 느낌이 나타날 수 있어요. 이런 증상이 지속되면 소중한 피부도 탄력을 잃고 거칠어 질 꺼예요. 약해진 소화 기능을 회복하는 것이 가장 시급해요."	"현재 건상상태는 특히 소화기 문제가 안좋은 상태예요. 식욕이 떨어지거나 잦은 소화불량에 두통, 속쓰림, 토가 나올 것 같은 느낌이 나타날 수 있어요. 이런 증상이 지속되면 소중한 피부도 탄력을 잃고 거칠어 질 꺼예요. 약해진 소화 기능을 회복하는 것이 가장 시급해요. 그러니까 음식의 양과 종류에 특히 신경을 써야 해요! 이럴 때 딱 맞는 음식들이 있어요. 레시피를 추천해 드려볼까요?"	NULL														
담음	어혈		"매우 광범위하고 다양한 증상들의 결합이 된 경우입니다. 두통, 어지러움, 관절통, 미세출혈, 생리불순등의 증상과 함께 나타나는 소화불량 및 활력저하는 당신을 더욱 지치게 하고 삶의 질을 저하시킵니다. 관리를 통해 어혈의 증상은 빠르게 사라질 수 있으나, 담음 증상은 상대적으로 오래 지속될 수 있습니다. 장기전으로 생각하시고 전문가의 도움을 받으시기 바랍니다."	"가슴이나 등 가운데가 심하게 아픈 증상이 지속되거나 팔다리의 통증과 저림이 계속 되고 있지는 않나요?
의사를 만나 보실 필요가 있습니다."	현재 건강상태는 매우 다양한 증상들이 뒤섞여 나타나고 있어요.하루하루를 더욱 지치고 힘들게 할꺼예요. 그래도 지금부터 건강관리를 한다면 빠르게 회복할 수 있어요.	"현재 건강상태는 매우 다양한 증상들이 뒤섞여 나타나고 있어요.하루하루를 더욱 지치고 힘들게 할꺼예요. 그래도 지금부터 건강관리를 한다면 빠르게 회복할 수 있어요. 몸에 좋은 음식과 간단한 운동을 지속적으로 한다면 간단한 증상들은 모두 사라질꺼예요. 제가 좋은 비법을 알려 드릴까요?"""	NULL														
식적	어혈		"비교적 드물게 발생하느 이 경우는 독립적인 원인으로 인해 우연히 함께 발생하는 경우가 많습니다. 식사와 관련된 소화불량, 복통과 함께 아랫배를 눌렀을때 찌르는듯한 통증이 잇을 수 있습니다. 두가지 상태를 한번에 관리하기 보다는 하나씩 줄여가는것이 좋은 전략입니다만 전문가의 도움을 받는다면 다른 건강상태에 비해 증상들이 비교적 빠르게 사라질 수 있습니다."	"밥을 먹을 때마다 찌를 듯한 통증이 반복된다면, 우선 의사를 찾아 가보세요. 위염 또는 다른 중대한 질환일 수 있습니다. 검사에서 특별한 질환이 없는데도 식사만 하고 나면 속이 쓰리거나 아프고 특히 밤에 찌를 듯한 통증을 느끼고 있다면 소화기관의 기능적인 문제일 수 있습니다. 기능적인 문제는 꾸준히 관리를 해주면 좀 덜 해지는 특성이 있습니다.
추천하는 차를 드시면 증상이 완화될 수 있습니다.
단, 만약 위염 또는 위궤양으로 진단 받고 처방 받은 약과 추천하는 차를 함께 드시는 것을 고려한다면, 의사와 상담을 하실 필요가 있습니다."	소화불량이나 아랫배를 눌렀을 때 찌르는 통증이 있을 수 있어요. 이런 증상들은 한번에 관리하기 보다는 하나씩 줄여나가는 것이 최선이예요.	소화불량이나 아랫배를 눌렀을 때 찌르는 통증이 있을 수 있어요. 이런 증상들은 한번에 관리하기 보다는 하나씩 줄여나가는 것이 최선이예요. 건강개선을 위한 스케쥴을 추천해 드릴까요?	NULL														
복합적미병		세가지 이상 결합된 복잡한 상태	"몸과 마음을 지치게 만드는 다양한 증상들로 인하여 삶의 질이 상당히 저하된 상태입니다. 일상적인 관리에 의해서도 회복이 가능할 수 있으나, 전문가의 상담과 직접적인 치료가 보다 더 효과적입니다. 의학 전문가, 전통의학 전문가에게 건강에 대하여 상담해보시기를 권합니다. 병원에서 검사 후 아무 문제가 없는 것으로 나올 수도 있습니다만, 각종 불편을 호소하는 당신의 건강은 전통의학의 도움을 받아 처치와 관리가 가능합니다. 무엇보다 지금은 스스로의 건강에 많은 관심을 가지고, 적극적인 상담과 관리가 필요할 때입니다. "		" 현재 건강상태는 여러 가지 원인들이 합쳐서 복잡한 문제들이 나타나고 있는 상황이예요. 몸과 마음이 많이 지쳐있고, 이로 인해 삶의 질이 많이 저하된 상태예요"	"현재 건강상태는 여러 가지 원인들이 합쳐서 복잡한 문제들이 나타나고 있는 상황이예요. 몸과 마음이 많이 지쳐있고, 이로 인해 삶의 질이 많이 저하된 상태예요. 건강에 대해 여러가지 불편이 발생하고 있어서 혼자 해결하려고 하기 보다는 가급적 의사상담을 권해 드리고 싶어요. 무엇보다 지금은 스스로의 건강에 많은 관심을 가지고, 적극적으로 관리를 꼭 하셔야해요. 주변에 가장 실력 좋은 의사선생님을 추천해 드릴까요?"	NULL														
